{"cameraMode":{"drawMode":0,"name":"Shaded","section":"Shading Mode"},"sceneLighting":true,"audioPlay":false,"sceneViewState":{"m_AlwaysRefresh":false,"showFog":true,"showSkybox":true,"showFlares":true,"showImageEffects":true,"showParticleSystems":true,"showVisualEffectGraphs":true,"m_FxEnabled":true},"in2DMode":false,"pivot":{"x":1.5461907386779786,"y":-9.21595573425293,"z":31.72260856628418},"rotation":{"x":-0.20507489144802094,"y":0.013796644285321236,"z":-0.0028944658115506174,"w":-0.9786526560783386},"size":22.032968521118165,"orthographic":false}