{"cameraMode":{"drawMode":0,"name":"Shaded","section":"Shading Mode"},"sceneLighting":true,"audioPlay":false,"sceneViewState":{"m_AlwaysRefresh":false,"showFog":true,"showSkybox":true,"showFlares":true,"showImageEffects":true,"showParticleSystems":true,"showVisualEffectGraphs":true,"m_FxEnabled":true},"in2DMode":false,"pivot":{"x":307.0462341308594,"y":1228.331298828125,"z":26.931379318237306},"rotation":{"x":0.007811021525412798,"y":-0.011755319312214852,"z":8.715441026652115e-7,"w":1.0000154972076417},"size":903.8638305664063,"orthographic":false}